40QNIPQLA1TK9JKQ,"Mirta Matias",2019-05-03,+507-0852-255-695,UFDCQ
R6EKSDGJKT3ASQRH,"Gillian Laws",2018-04-22,+62-1942-064-676,YHDDJ
FLZXNLDYAKKJQY8E,"Leandro Wilbur",2014-07-21,+213-8255-492-433,YSYVR
40QNIPQLA1TK9JKQ,"Mirta Matias",2019-05-03,+507-0852-255-695,UFDCQ
KHSUVBSV77RABYMQ,"Sarah Motley",2014-05-28,+973-9274-459-706,RJEAX
QJGC4SKA72522HGK,"Caren Keller",2019-12-22,+598-5071-370-506,UBFML
6QABQIKLMJZSRI8Y,"Brenton Valencia",2017-11-12,+591-0888-832-274,HEFEE
LZ27EIQ4LJBC0UKO,"Suzette Hedgepeth",2016-02-02,+593-8758-029-160,DWHRN
CMZJ66Z3QRQ59DIA,"Alysia Wheaton",2014-12-09,+91-6474-126-062,LSNTD
G0MF6B8M4GF8O38A,"Robena Moye",2016-05-23,+98-8578-516-117,WUVHS
6JESN4EAT03JP5NV,"Margit Zaragoza",2016-10-03,+687-0185-283-978,LYERG
